S.No,Image name,time
1,/video_frames/image1.jpg,0.200
2,/video_frames/image2.jpg,1.200
3,/video_frames/image3.jpg,2.200
4,/video_frames/image4.jpg,3.200
5,/video_frames/image5.jpg,4.200
6,/video_frames/image6.jpg,5.200
7,/video_frames/image7.jpg,6.200
8,/video_frames/image8.jpg,7.200
9,/video_frames/image9.jpg,8.200
10,/video_frames/image10.jpg,9.200
11,/video_frames/image11.jpg,10.200
12,/video_frames/image12.jpg,11.200
13,/video_frames/image13.jpg,12.200
14,/video_frames/image14.jpg,13.200
15,/video_frames/image15.jpg,14.200
16,/video_frames/image16.jpg,15.200
17,/video_frames/image17.jpg,16.200
18,/video_frames/image18.jpg,17.200
19,/video_frames/image19.jpg,18.200
20,/video_frames/image20.jpg,19.200
21,/video_frames/image21.jpg,20.200
22,/video_frames/image22.jpg,21.200
23,/video_frames/image23.jpg,22.200
24,/video_frames/image24.jpg,23.200
25,/video_frames/image25.jpg,24.200
26,/video_frames/image26.jpg,25.200
27,/video_frames/image27.jpg,26.200
28,/video_frames/image28.jpg,27.200
29,/video_frames/image29.jpg,28.200
30,/video_frames/image30.jpg,29.200
31,/video_frames/image31.jpg,30.200
32,/video_frames/image32.jpg,31.200
33,/video_frames/image33.jpg,32.200
34,/video_frames/image34.jpg,33.200
35,/video_frames/image35.jpg,34.200
36,/video_frames/image36.jpg,35.200
37,/video_frames/image37.jpg,36.200
38,/video_frames/image38.jpg,37.200
39,/video_frames/image39.jpg,38.200
40,/video_frames/image40.jpg,39.200
41,/video_frames/image41.jpg,40.200
42,/video_frames/image42.jpg,41.200
43,/video_frames/image43.jpg,42.200
44,/video_frames/image44.jpg,43.200
45,/video_frames/image45.jpg,44.200
46,/video_frames/image46.jpg,45.200
47,/video_frames/image47.jpg,46.200
48,/video_frames/image48.jpg,47.200
49,/video_frames/image49.jpg,48.200
50,/video_frames/image50.jpg,49.200
51,/video_frames/image51.jpg,50.200
52,/video_frames/image52.jpg,51.200
53,/video_frames/image53.jpg,52.200
54,/video_frames/image54.jpg,53.200
55,/video_frames/image55.jpg,54.200
56,/video_frames/image56.jpg,55.200
57,/video_frames/image57.jpg,56.200
58,/video_frames/image58.jpg,57.200
59,/video_frames/image59.jpg,58.200
60,/video_frames/image60.jpg,59.200
61,/video_frames/image61.jpg,60.200
62,/video_frames/image62.jpg,61.200
63,/video_frames/image63.jpg,62.200
64,/video_frames/image64.jpg,63.200
65,/video_frames/image65.jpg,64.200
66,/video_frames/image66.jpg,65.200
67,/video_frames/image67.jpg,66.200
68,/video_frames/image68.jpg,67.200
69,/video_frames/image69.jpg,68.200
70,/video_frames/image70.jpg,69.200
71,/video_frames/image71.jpg,70.200
72,/video_frames/image72.jpg,71.200
73,/video_frames/image73.jpg,72.200
74,/video_frames/image74.jpg,73.200
75,/video_frames/image75.jpg,74.200
76,/video_frames/image76.jpg,75.200
77,/video_frames/image77.jpg,76.200
78,/video_frames/image78.jpg,77.200
79,/video_frames/image79.jpg,78.200
80,/video_frames/image80.jpg,79.200
81,/video_frames/image81.jpg,80.200
82,/video_frames/image82.jpg,81.200
83,/video_frames/image83.jpg,82.200
84,/video_frames/image84.jpg,83.200
85,/video_frames/image85.jpg,84.200
86,/video_frames/image86.jpg,85.200
87,/video_frames/image87.jpg,86.200
88,/video_frames/image88.jpg,87.200
89,/video_frames/image89.jpg,88.200
90,/video_frames/image90.jpg,89.200
91,/video_frames/image91.jpg,90.200
92,/video_frames/image92.jpg,91.200
93,/video_frames/image93.jpg,92.200
94,/video_frames/image94.jpg,93.200
95,/video_frames/image95.jpg,94.200
96,/video_frames/image96.jpg,95.200
97,/video_frames/image97.jpg,96.200
98,/video_frames/image98.jpg,97.200
99,/video_frames/image99.jpg,98.200
100,/video_frames/image100.jpg,99.200
101,/video_frames/image101.jpg,100.200
102,/video_frames/image102.jpg,101.200
103,/video_frames/image103.jpg,102.200
104,/video_frames/image104.jpg,103.200
105,/video_frames/image105.jpg,104.200
106,/video_frames/image106.jpg,105.200
107,/video_frames/image107.jpg,106.200
108,/video_frames/image108.jpg,107.200
109,/video_frames/image109.jpg,108.200
110,/video_frames/image110.jpg,109.200
111,/video_frames/image111.jpg,110.200
112,/video_frames/image112.jpg,111.200
113,/video_frames/image113.jpg,112.200
114,/video_frames/image114.jpg,113.200
115,/video_frames/image115.jpg,114.200
116,/video_frames/image116.jpg,115.200
117,/video_frames/image117.jpg,116.200
118,/video_frames/image118.jpg,117.200
119,/video_frames/image119.jpg,118.200
120,/video_frames/image120.jpg,119.200
121,/video_frames/image121.jpg,120.200
122,/video_frames/image122.jpg,121.200
123,/video_frames/image123.jpg,122.200
124,/video_frames/image124.jpg,123.200
125,/video_frames/image125.jpg,124.200
126,/video_frames/image126.jpg,125.200
127,/video_frames/image127.jpg,126.200
128,/video_frames/image128.jpg,127.200
129,/video_frames/image129.jpg,128.200
130,/video_frames/image130.jpg,129.200
131,/video_frames/image131.jpg,130.200
132,/video_frames/image132.jpg,131.200
133,/video_frames/image133.jpg,132.200
134,/video_frames/image134.jpg,133.200
135,/video_frames/image135.jpg,134.200
136,/video_frames/image136.jpg,135.200
137,/video_frames/image137.jpg,136.200
138,/video_frames/image138.jpg,137.200
139,/video_frames/image139.jpg,138.200
140,/video_frames/image140.jpg,139.200
141,/video_frames/image141.jpg,140.200
142,/video_frames/image142.jpg,141.200
143,/video_frames/image143.jpg,142.200
144,/video_frames/image144.jpg,143.200
145,/video_frames/image145.jpg,144.200
146,/video_frames/image146.jpg,145.200
147,/video_frames/image147.jpg,146.200
148,/video_frames/image148.jpg,147.200
149,/video_frames/image149.jpg,148.200
150,/video_frames/image150.jpg,149.200
151,/video_frames/image151.jpg,150.200
152,/video_frames/image152.jpg,151.200
153,/video_frames/image153.jpg,152.200
154,/video_frames/image154.jpg,153.200
155,/video_frames/image155.jpg,154.200
156,/video_frames/image156.jpg,155.200
157,/video_frames/image157.jpg,156.200
158,/video_frames/image158.jpg,157.200
159,/video_frames/image159.jpg,158.200
160,/video_frames/image160.jpg,159.200
161,/video_frames/image161.jpg,160.200
162,/video_frames/image162.jpg,161.200
163,/video_frames/image163.jpg,162.200
164,/video_frames/image164.jpg,163.200
165,/video_frames/image165.jpg,164.200
166,/video_frames/image166.jpg,165.200
167,/video_frames/image167.jpg,166.200
168,/video_frames/image168.jpg,167.200
169,/video_frames/image169.jpg,168.200
170,/video_frames/image170.jpg,169.200
171,/video_frames/image171.jpg,170.200
172,/video_frames/image172.jpg,171.200
173,/video_frames/image173.jpg,172.200
174,/video_frames/image174.jpg,173.200
175,/video_frames/image175.jpg,174.200
176,/video_frames/image176.jpg,175.200
177,/video_frames/image177.jpg,176.200
178,/video_frames/image178.jpg,177.200
179,/video_frames/image179.jpg,178.200
180,/video_frames/image180.jpg,179.200
181,/video_frames/image181.jpg,180.200
182,/video_frames/image182.jpg,181.200
183,/video_frames/image183.jpg,182.200
184,/video_frames/image184.jpg,183.200
185,/video_frames/image185.jpg,184.200
186,/video_frames/image186.jpg,185.200
187,/video_frames/image187.jpg,186.200
188,/video_frames/image188.jpg,187.200
189,/video_frames/image189.jpg,188.200
190,/video_frames/image190.jpg,189.200
191,/video_frames/image191.jpg,190.200
192,/video_frames/image192.jpg,191.200
193,/video_frames/image193.jpg,192.200
194,/video_frames/image194.jpg,193.200
195,/video_frames/image195.jpg,194.200
196,/video_frames/image196.jpg,195.200
197,/video_frames/image197.jpg,196.200
198,/video_frames/image198.jpg,197.200
199,/video_frames/image199.jpg,198.200
200,/video_frames/image200.jpg,199.200
201,/video_frames/image201.jpg,200.200
202,/video_frames/image202.jpg,201.200
203,/video_frames/image203.jpg,202.200
204,/video_frames/image204.jpg,203.200
205,/video_frames/image205.jpg,204.200
206,/video_frames/image206.jpg,205.200
207,/video_frames/image207.jpg,206.200
208,/video_frames/image208.jpg,207.200
209,/video_frames/image209.jpg,208.200
210,/video_frames/image210.jpg,209.200
211,/video_frames/image211.jpg,210.200
212,/video_frames/image212.jpg,211.200
213,/video_frames/image213.jpg,212.200
214,/video_frames/image214.jpg,213.200
215,/video_frames/image215.jpg,214.200
216,/video_frames/image216.jpg,215.200
217,/video_frames/image217.jpg,216.200
218,/video_frames/image218.jpg,217.200
219,/video_frames/image219.jpg,218.200
220,/video_frames/image220.jpg,219.200
221,/video_frames/image221.jpg,220.200
222,/video_frames/image222.jpg,221.200
223,/video_frames/image223.jpg,222.200
224,/video_frames/image224.jpg,223.200
225,/video_frames/image225.jpg,224.200
226,/video_frames/image226.jpg,225.200
227,/video_frames/image227.jpg,226.200
228,/video_frames/image228.jpg,227.200
229,/video_frames/image229.jpg,228.200
230,/video_frames/image230.jpg,229.200
231,/video_frames/image231.jpg,230.200
232,/video_frames/image232.jpg,231.200
233,/video_frames/image233.jpg,232.200
234,/video_frames/image234.jpg,233.200
235,/video_frames/image235.jpg,234.200
236,/video_frames/image236.jpg,235.200
237,/video_frames/image237.jpg,236.200
238,/video_frames/image238.jpg,237.200
239,/video_frames/image239.jpg,238.200
240,/video_frames/image240.jpg,239.200
241,/video_frames/image241.jpg,240.200
242,/video_frames/image242.jpg,241.200
243,/video_frames/image243.jpg,242.200
244,/video_frames/image244.jpg,243.200
245,/video_frames/image245.jpg,244.200
246,/video_frames/image246.jpg,245.200
247,/video_frames/image247.jpg,246.200
248,/video_frames/image248.jpg,247.200
249,/video_frames/image249.jpg,248.200
250,/video_frames/image250.jpg,249.200
251,/video_frames/image251.jpg,250.200
252,/video_frames/image252.jpg,251.200
253,/video_frames/image253.jpg,252.200
254,/video_frames/image254.jpg,253.200
255,/video_frames/image255.jpg,254.200
256,/video_frames/image256.jpg,255.200
257,/video_frames/image257.jpg,256.200
258,/video_frames/image258.jpg,257.200
259,/video_frames/image259.jpg,258.200
260,/video_frames/image260.jpg,259.200
261,/video_frames/image261.jpg,260.200
262,/video_frames/image262.jpg,261.200
263,/video_frames/image263.jpg,262.200
264,/video_frames/image264.jpg,263.200
265,/video_frames/image265.jpg,264.200
266,/video_frames/image266.jpg,265.200
267,/video_frames/image267.jpg,266.200
268,/video_frames/image268.jpg,267.200
269,/video_frames/image269.jpg,268.200
270,/video_frames/image270.jpg,269.200
271,/video_frames/image271.jpg,270.200
272,/video_frames/image272.jpg,271.200
273,/video_frames/image273.jpg,272.200
274,/video_frames/image274.jpg,273.200
275,/video_frames/image275.jpg,274.200
276,/video_frames/image276.jpg,275.200
277,/video_frames/image277.jpg,276.200
278,/video_frames/image278.jpg,277.200
279,/video_frames/image279.jpg,278.200
280,/video_frames/image280.jpg,279.200
281,/video_frames/image281.jpg,280.200
282,/video_frames/image282.jpg,281.200
283,/video_frames/image283.jpg,282.200
284,/video_frames/image284.jpg,283.200
285,/video_frames/image285.jpg,284.200
286,/video_frames/image286.jpg,285.200
287,/video_frames/image287.jpg,286.200
288,/video_frames/image288.jpg,287.200
289,/video_frames/image289.jpg,288.200
290,/video_frames/image290.jpg,289.200
291,/video_frames/image291.jpg,290.200
292,/video_frames/image292.jpg,291.200
293,/video_frames/image293.jpg,292.200
294,/video_frames/image294.jpg,293.200
295,/video_frames/image295.jpg,294.200
296,/video_frames/image296.jpg,295.200
297,/video_frames/image297.jpg,296.200
298,/video_frames/image298.jpg,297.200
299,/video_frames/image299.jpg,298.200
300,/video_frames/image300.jpg,299.200
301,/video_frames/image301.jpg,300.200
302,/video_frames/image302.jpg,301.200
303,/video_frames/image303.jpg,302.200
304,/video_frames/image304.jpg,303.200
305,/video_frames/image305.jpg,304.200
306,/video_frames/image306.jpg,305.200
307,/video_frames/image307.jpg,306.200
308,/video_frames/image308.jpg,307.200
309,/video_frames/image309.jpg,308.200
310,/video_frames/image310.jpg,309.200
311,/video_frames/image311.jpg,310.200
312,/video_frames/image312.jpg,311.200
313,/video_frames/image313.jpg,312.200
314,/video_frames/image314.jpg,313.200
315,/video_frames/image315.jpg,314.200
316,/video_frames/image316.jpg,315.200
317,/video_frames/image317.jpg,316.200
318,/video_frames/image318.jpg,317.200
319,/video_frames/image319.jpg,318.200
320,/video_frames/image320.jpg,319.200
321,/video_frames/image321.jpg,320.200
322,/video_frames/image322.jpg,321.200
323,/video_frames/image323.jpg,322.200
324,/video_frames/image324.jpg,323.200
325,/video_frames/image325.jpg,324.200
326,/video_frames/image326.jpg,325.200
327,/video_frames/image327.jpg,326.200
328,/video_frames/image328.jpg,327.200
329,/video_frames/image329.jpg,328.200
330,/video_frames/image330.jpg,329.200
331,/video_frames/image331.jpg,330.200
332,/video_frames/image332.jpg,331.200
333,/video_frames/image333.jpg,332.200
334,/video_frames/image334.jpg,333.200
335,/video_frames/image335.jpg,334.200
336,/video_frames/image336.jpg,335.200
337,/video_frames/image337.jpg,336.200
338,/video_frames/image338.jpg,337.200
339,/video_frames/image339.jpg,338.200
340,/video_frames/image340.jpg,339.200
341,/video_frames/image341.jpg,340.200
342,/video_frames/image342.jpg,341.200
343,/video_frames/image343.jpg,342.200
344,/video_frames/image344.jpg,343.200
345,/video_frames/image345.jpg,344.200
346,/video_frames/image346.jpg,345.200
347,/video_frames/image347.jpg,346.200
348,/video_frames/image348.jpg,347.200
349,/video_frames/image349.jpg,348.200
350,/video_frames/image350.jpg,349.200
351,/video_frames/image351.jpg,350.200
352,/video_frames/image352.jpg,351.200
353,/video_frames/image353.jpg,352.200
354,/video_frames/image354.jpg,353.200
355,/video_frames/image355.jpg,354.200
356,/video_frames/image356.jpg,355.200
357,/video_frames/image357.jpg,356.200
358,/video_frames/image358.jpg,357.200
359,/video_frames/image359.jpg,358.200
360,/video_frames/image360.jpg,359.200
361,/video_frames/image361.jpg,360.200
362,/video_frames/image362.jpg,361.200
363,/video_frames/image363.jpg,362.200
364,/video_frames/image364.jpg,363.200
365,/video_frames/image365.jpg,364.200
366,/video_frames/image366.jpg,365.200
367,/video_frames/image367.jpg,366.200
368,/video_frames/image368.jpg,367.200
369,/video_frames/image369.jpg,368.200
370,/video_frames/image370.jpg,369.200
371,/video_frames/image371.jpg,370.200
372,/video_frames/image372.jpg,371.200
373,/video_frames/image373.jpg,372.200
374,/video_frames/image374.jpg,373.200
375,/video_frames/image375.jpg,374.200
376,/video_frames/image376.jpg,375.200
377,/video_frames/image377.jpg,376.200
378,/video_frames/image378.jpg,377.200
379,/video_frames/image379.jpg,378.200
380,/video_frames/image380.jpg,379.200
381,/video_frames/image381.jpg,380.200
382,/video_frames/image382.jpg,381.200
383,/video_frames/image383.jpg,382.200
384,/video_frames/image384.jpg,383.200
385,/video_frames/image385.jpg,384.200
386,/video_frames/image386.jpg,385.200
387,/video_frames/image387.jpg,386.200
388,/video_frames/image388.jpg,387.200
389,/video_frames/image389.jpg,388.200
390,/video_frames/image390.jpg,389.200
391,/video_frames/image391.jpg,390.200
392,/video_frames/image392.jpg,391.200
393,/video_frames/image393.jpg,392.200
394,/video_frames/image394.jpg,393.200
395,/video_frames/image395.jpg,394.200
396,/video_frames/image396.jpg,395.200
397,/video_frames/image397.jpg,396.200
398,/video_frames/image398.jpg,397.200
399,/video_frames/image399.jpg,398.200
400,/video_frames/image400.jpg,399.200
401,/video_frames/image401.jpg,400.200
402,/video_frames/image402.jpg,401.200
403,/video_frames/image403.jpg,402.200
404,/video_frames/image404.jpg,403.200
405,/video_frames/image405.jpg,404.200
406,/video_frames/image406.jpg,405.200
407,/video_frames/image407.jpg,406.200
408,/video_frames/image408.jpg,407.200
409,/video_frames/image409.jpg,408.200
410,/video_frames/image410.jpg,409.200
411,/video_frames/image411.jpg,410.200
412,/video_frames/image412.jpg,411.200
413,/video_frames/image413.jpg,412.200
414,/video_frames/image414.jpg,413.200
415,/video_frames/image415.jpg,414.200
416,/video_frames/image416.jpg,415.200
417,/video_frames/image417.jpg,416.200
418,/video_frames/image418.jpg,417.200
419,/video_frames/image419.jpg,418.200
420,/video_frames/image420.jpg,419.200
421,/video_frames/image421.jpg,420.200
422,/video_frames/image422.jpg,421.200
423,/video_frames/image423.jpg,422.200
424,/video_frames/image424.jpg,423.200
425,/video_frames/image425.jpg,424.200
426,/video_frames/image426.jpg,425.200
427,/video_frames/image427.jpg,426.200
428,/video_frames/image428.jpg,427.200
429,/video_frames/image429.jpg,428.200
430,/video_frames/image430.jpg,429.200
431,/video_frames/image431.jpg,430.200
432,/video_frames/image432.jpg,431.200
433,/video_frames/image433.jpg,432.200
434,/video_frames/image434.jpg,433.200
435,/video_frames/image435.jpg,434.200
436,/video_frames/image436.jpg,435.200
437,/video_frames/image437.jpg,436.200
438,/video_frames/image438.jpg,437.200
439,/video_frames/image439.jpg,438.200
440,/video_frames/image440.jpg,439.200
441,/video_frames/image441.jpg,440.200
442,/video_frames/image442.jpg,441.200
443,/video_frames/image443.jpg,442.200
444,/video_frames/image444.jpg,443.200
445,/video_frames/image445.jpg,444.200
446,/video_frames/image446.jpg,445.200
447,/video_frames/image447.jpg,446.200
448,/video_frames/image448.jpg,447.200
449,/video_frames/image449.jpg,448.200
450,/video_frames/image450.jpg,449.200
451,/video_frames/image451.jpg,450.200
452,/video_frames/image452.jpg,451.200
453,/video_frames/image453.jpg,452.200
454,/video_frames/image454.jpg,453.200
455,/video_frames/image455.jpg,454.200
456,/video_frames/image456.jpg,455.200
457,/video_frames/image457.jpg,456.200
458,/video_frames/image458.jpg,457.200
459,/video_frames/image459.jpg,458.200
460,/video_frames/image460.jpg,459.200
461,/video_frames/image461.jpg,460.200
462,/video_frames/image462.jpg,461.200
463,/video_frames/image463.jpg,462.200
464,/video_frames/image464.jpg,463.200
465,/video_frames/image465.jpg,464.200
466,/video_frames/image466.jpg,465.200
467,/video_frames/image467.jpg,466.200
468,/video_frames/image468.jpg,467.200
469,/video_frames/image469.jpg,468.200
470,/video_frames/image470.jpg,469.200
471,/video_frames/image471.jpg,470.200
472,/video_frames/image472.jpg,471.200
473,/video_frames/image473.jpg,472.200
474,/video_frames/image474.jpg,473.200
475,/video_frames/image475.jpg,474.200
476,/video_frames/image476.jpg,475.200
477,/video_frames/image477.jpg,476.200
478,/video_frames/image478.jpg,477.200
479,/video_frames/image479.jpg,478.200
480,/video_frames/image480.jpg,479.200
481,/video_frames/image481.jpg,480.200
482,/video_frames/image482.jpg,481.200
483,/video_frames/image483.jpg,482.200
484,/video_frames/image484.jpg,483.200
485,/video_frames/image485.jpg,484.200
486,/video_frames/image486.jpg,485.200
487,/video_frames/image487.jpg,486.200
488,/video_frames/image488.jpg,487.200
489,/video_frames/image489.jpg,488.200
490,/video_frames/image490.jpg,489.200
491,/video_frames/image491.jpg,490.200
492,/video_frames/image492.jpg,491.200
493,/video_frames/image493.jpg,492.200
494,/video_frames/image494.jpg,493.200
495,/video_frames/image495.jpg,494.200
496,/video_frames/image496.jpg,495.200
497,/video_frames/image497.jpg,496.200
498,/video_frames/image498.jpg,497.200
499,/video_frames/image499.jpg,498.200
500,/video_frames/image500.jpg,499.200
501,/video_frames/image501.jpg,500.200
502,/video_frames/image502.jpg,501.200
503,/video_frames/image503.jpg,502.200
504,/video_frames/image504.jpg,503.200
505,/video_frames/image505.jpg,504.200
506,/video_frames/image506.jpg,505.200
507,/video_frames/image507.jpg,506.200
508,/video_frames/image508.jpg,507.200
509,/video_frames/image509.jpg,508.200
510,/video_frames/image510.jpg,509.200
511,/video_frames/image511.jpg,510.200
512,/video_frames/image512.jpg,511.200
513,/video_frames/image513.jpg,512.200
514,/video_frames/image514.jpg,513.200
515,/video_frames/image515.jpg,514.200
516,/video_frames/image516.jpg,515.200
517,/video_frames/image517.jpg,516.200
518,/video_frames/image518.jpg,517.200
519,/video_frames/image519.jpg,518.200
520,/video_frames/image520.jpg,519.200
521,/video_frames/image521.jpg,520.200
522,/video_frames/image522.jpg,521.200
523,/video_frames/image523.jpg,522.200
524,/video_frames/image524.jpg,523.200
525,/video_frames/image525.jpg,524.200
526,/video_frames/image526.jpg,525.200
527,/video_frames/image527.jpg,526.200
528,/video_frames/image528.jpg,527.200
529,/video_frames/image529.jpg,528.200
530,/video_frames/image530.jpg,529.200
531,/video_frames/image531.jpg,530.200
532,/video_frames/image532.jpg,531.200
533,/video_frames/image533.jpg,532.200
534,/video_frames/image534.jpg,533.200
535,/video_frames/image535.jpg,534.200
536,/video_frames/image536.jpg,535.200
537,/video_frames/image537.jpg,536.200
538,/video_frames/image538.jpg,537.200
539,/video_frames/image539.jpg,538.200
540,/video_frames/image540.jpg,539.200
541,/video_frames/image541.jpg,540.200
542,/video_frames/image542.jpg,541.200
543,/video_frames/image543.jpg,542.200
544,/video_frames/image544.jpg,543.200
545,/video_frames/image545.jpg,544.200
546,/video_frames/image546.jpg,545.200
547,/video_frames/image547.jpg,546.200
548,/video_frames/image548.jpg,547.200
549,/video_frames/image549.jpg,548.200
550,/video_frames/image550.jpg,549.200
551,/video_frames/image551.jpg,550.200
552,/video_frames/image552.jpg,551.200
553,/video_frames/image553.jpg,552.200
554,/video_frames/image554.jpg,553.200
555,/video_frames/image555.jpg,554.200
556,/video_frames/image556.jpg,555.200
557,/video_frames/image557.jpg,556.200
558,/video_frames/image558.jpg,557.200
559,/video_frames/image559.jpg,558.200
560,/video_frames/image560.jpg,559.200
561,/video_frames/image561.jpg,560.200
562,/video_frames/image562.jpg,561.200
563,/video_frames/image563.jpg,562.200
564,/video_frames/image564.jpg,563.200
565,/video_frames/image565.jpg,564.200
566,/video_frames/image566.jpg,565.200
567,/video_frames/image567.jpg,566.200
568,/video_frames/image568.jpg,567.200
569,/video_frames/image569.jpg,568.200
570,/video_frames/image570.jpg,569.200
571,/video_frames/image571.jpg,570.200
572,/video_frames/image572.jpg,571.200
573,/video_frames/image573.jpg,572.200
574,/video_frames/image574.jpg,573.200
575,/video_frames/image575.jpg,574.200
576,/video_frames/image576.jpg,575.200
577,/video_frames/image577.jpg,576.200
578,/video_frames/image578.jpg,577.200
579,/video_frames/image579.jpg,578.200
580,/video_frames/image580.jpg,579.200
581,/video_frames/image581.jpg,580.200
582,/video_frames/image582.jpg,581.200
583,/video_frames/image583.jpg,582.200
584,/video_frames/image584.jpg,583.200
585,/video_frames/image585.jpg,584.200
586,/video_frames/image586.jpg,585.200
587,/video_frames/image587.jpg,586.200
588,/video_frames/image588.jpg,587.200
589,/video_frames/image589.jpg,588.200
590,/video_frames/image590.jpg,589.200
591,/video_frames/image591.jpg,590.200
592,/video_frames/image592.jpg,591.200
593,/video_frames/image593.jpg,592.200
594,/video_frames/image594.jpg,593.200
595,/video_frames/image595.jpg,594.200
596,/video_frames/image596.jpg,595.200
597,/video_frames/image597.jpg,596.200
598,/video_frames/image598.jpg,597.200
